run,p99_mean,p99_std,p99_min,p99_max,mean_latency,jitter_mean,jitter_std,packet_loss_mean,packet_loss_max,total_requests,total_errors,total_200,wrr_p99_mean,wrr_p99_std,wrr_p99_min,wrr_p99_max,wrr_mean_latency,wrr_jitter_mean,wrr_jitter_std,wrr_packet_loss_mean,wrr_packet_loss_max,wrr_total_requests,wrr_total_errors,wrr_total_200
run_1,5130.746218487396,5545.723109381776,1.0,20543.1,2524.3841004184096,5501.865015257739,365.25770779606194,78.06982521791397,81.38692142974799,101158,78924,17072,4012.098785425101,5005.892901286275,1.0,18588.1,2091.721862348178,4983.0184199709165,326.5382189134481,83.23914490001019,88.22501747030049,96332,80056,12838
