run,p99_mean,p99_std,p99_min,p99_max,mean_latency,jitter_mean,jitter_std,packet_loss_mean,packet_loss_max,total_requests,total_errors,total_200,wrr_p99_mean,wrr_p99_std,wrr_p99_min,wrr_p99_max,wrr_mean_latency,wrr_jitter_mean,wrr_jitter_std,wrr_packet_loss_mean,wrr_packet_loss_max,wrr_total_requests,wrr_total_errors,wrr_total_200
run_1,7546.636312849161,5427.435014921445,153.0,23162.4,3224.7000000000003,5400.84788482342,342.33296522624846,79.1505065129017,84.80169050715214,104056,82204,17522,5776.8525,4307.586901255591,183.1,17158.9,2944.1194805194805,4253.5902747045475,366.99916007377624,87.56416357276414,92.72157409019675,96272,84236,9772
run_2,7047.581347150259,5389.955962134138,108.9,21381.5,3008.3591160220994,5325.692297715763,382.0259373900934,79.08774568776232,85.98547375371409,103720,81930,17396,6816.222966507177,5724.590748385952,111.1,22254.1,3574.7313186813185,5652.820441361862,590.7561350611853,77.91763344641927,82.10326259106748,105292,81960,18750
run_3,7617.061581920903,5218.931543885874,108.9,24107.7,3208.8502890173418,5171.396748580949,471.834395276411,80.40391904375805,82.90312300828553,102782,82606,16306,6053.946762589928,3817.668661250454,149.9,14917.2,3661.6632352941174,3775.863145710799,384.95225896829834,91.96244358819092,93.6853183651991,92462,85018,5882
run_4,7561.568711656443,5387.118531752945,104.6,23630.3,3354.6476190476187,5316.088402106077,490.28554936975473,80.28549680891595,82.81075919146905,103016,82658,16388,5770.78695652174,5062.485513478304,120.3,19346.7,3361.2766666666666,5004.169586018696,487.057990303371,82.79461713768768,89.07223438289274,100776,83296,14226
run_5,7671.466101694915,5249.534322406868,111.1,21381.5,3290.0696428571428,5204.328913186025,417.5355122114207,75.95340107643082,79.23254029163469,107110,81290,20762,7798.876623376624,5281.1877519060145,507.8,24594.7,3596.8114093959734,5229.482895977358,389.07107430985906,75.85005268045673,79.75602223594812,107588,81450,21000
