run,p99_mean,p99_std,p99_min,p99_max,mean_latency,jitter_mean,jitter_std,packet_loss_mean,packet_loss_max,total_requests,total_errors,total_200,wrr_p99_mean,wrr_p99_std,wrr_p99_min,wrr_p99_max,wrr_mean_latency,wrr_jitter_mean,wrr_jitter_std,wrr_packet_loss_mean,wrr_packet_loss_max,wrr_total_requests,wrr_total_errors,wrr_total_200
run_1,7690.006842105262,6196.8094302425225,327.1,27730.6,3036.8145077720205,5699.213563492396,1426.4336743872382,75.6059996754776,79.95534606797321,66950,50564,10252,6874.111515151516,5297.130169239511,100.5,20543.1,3069.6800000000003,5235.376550383862,459.5364976676668,77.8649903506354,82.0377358490566,65960,51288,9038
run_2,7376.9743421052635,4870.892885610571,1064.4,26643.2,3097.1692810457516,4593.114780030084,1061.8309043521167,78.81659718202815,84.95735332127164,65200,51306,8458,6513.359006211179,5171.443653017204,242.3,19737.6,3097.833974358974,5119.6507170972145,466.1037445859275,77.1230102369425,84.65512787393439,66310,51024,9434
run_3,7887.375714285715,4322.191051999163,125.2,19346.7,3158.2204724409444,4124.400420284412,834.1750417625126,80.53098022560695,84.61538461538461,64148,51608,7672,8074.6560975609755,5483.21166568969,162.4,24594.7,3440.8157024793386,5150.47419550425,1295.3558438329817,77.19340463208859,88.20403825717322,66458,51010,9462
run_4,7731.3316129032255,5146.555731721003,100.5,19737.6,3477.096621621622,5078.178221681883,401.45083386268954,79.26082702570608,84.83277158413274,64828,51340,8306,7224.16178343949,5361.806001635684,104.6,24594.7,3057.3037735849057,5248.122424353185,701.678784365372,75.97999812421679,79.86643581498886,66974,50816,9900
run_5,7722.142405063291,4702.940764628752,106.7,18588.1,2800.6261437908497,4593.388044113228,518.8143952913296,78.47145139430089,82.60319068118511,65438,51314,8674,6882.518382352941,4178.412291701418,1465.9,23630.3,2792.772463768116,3962.2684926182337,1041.3976117921218,80.0469165518947,89.58277254374158,64870,51522,8262
