run,p99_mean,p99_std,p99_min,p99_max,mean_latency,jitter_mean,jitter_std,packet_loss_mean,packet_loss_max,total_requests,total_errors,total_200,wrr_p99_mean,wrr_p99_std,wrr_p99_min,wrr_p99_max,wrr_mean_latency,wrr_jitter_mean,wrr_jitter_std,wrr_packet_loss_mean,wrr_packet_loss_max,wrr_total_requests,wrr_total_errors,wrr_total_200
run_1,6821.132051282052,5636.898746184993,106.7,22254.1,4639.904918032788,5603.202716531347,495.0730458659518,81.45709143818704,86.26203576341128,98046,79724,14310,6666.626553672316,5439.429270444185,102.5,19346.7,4060.1690322580644,5392.897248466765,476.10925313564036,80.2435757650442,83.50877192982456,99214,79558,15380
run_2,6211.383333333333,5432.843678144144,106.7,19346.7,3988.9297297297294,5383.714292143042,340.9985389677626,80.65634166548273,84.42871587462083,98650,79466,14920,6616.0320652173905,5209.386717117735,102.5,20958.1,3931.7846666666665,5129.094269404854,311.5868124099155,82.76030451060208,88.14737573861662,96728,79980,13018
run_3,6332.760126582278,5340.187514082441,104.6,20543.1,3896.291891891892,5239.527980597892,296.62129731319925,81.47588472236185,87.74765380604796,97696,79490,13966,6620.466272189349,5130.7844566593085,100.5,19346.7,3595.7489510489513,4987.9921670301965,693.1680881407191,82.39274937565224,87.50649800727777,97108,79936,13436
run_4,6293.127314814815,5466.948678730602,100.5,22703.7,3640.537362637363,5333.26689463066,592.8217025448322,81.06015601578925,84.87664751605271,98200,79538,14496,8178.514465408805,5152.370497999797,100.5,23162.4,3969.733108108108,5032.86543923973,732.2546965157136,81.03904510964902,87.64317945157931,98388,79564,14586
run_5,6944.287283236995,4891.548324253662,111.1,19737.6,4016.545578231292,4803.326827385034,486.4179356986681,84.13320396215317,89.1549295774648,95518,80262,11934,7581.306040268457,5049.772406768929,186.8,20958.1,3631.9331081081086,4829.015672478819,674.592748047589,81.30867582142469,86.4470749699777,98382,79906,14498
