run,p99_mean,p99_std,p99_min,p99_max,mean_latency,jitter_mean,jitter_std,packet_loss_mean,packet_loss_max,total_requests,total_errors,total_200,wrr_p99_mean,wrr_p99_std,wrr_p99_min,wrr_p99_max,wrr_mean_latency,wrr_jitter_mean,wrr_jitter_std,wrr_packet_loss_mean,wrr_packet_loss_max,wrr_total_requests,wrr_total_errors,wrr_total_200
run_1,6494.473658536585,4928.874336683612,106.7,17859.2,4108.910714285715,4897.439991105391,358.6843168333195,88.83609975093228,92.13981875346772,178008,158056,16340,6123.030392156863,4858.72462363242,100.5,17158.9,3278.4575418994423,4807.938175232284,228.06125474126864,89.5153400550737,92.30982787340366,177052,158444,15378
run_2,5599.998941798942,4390.681176244462,106.7,18220.0,2845.488953488372,4372.287294536878,228.12475140805046,90.27614626249299,93.29598506069094,175806,158672,13990,6445.72513368984,4447.029867040726,108.9,19346.7,3645.189221556886,4420.371479973885,287.338426582933,87.94737596565136,90.01361779391739,179274,157638,17764
run_3,6265.28358974359,4506.960039673958,165.7,17158.9,3355.507865168539,4491.869945195142,274.9698342041485,87.6897715317078,89.99636231356857,179550,157364,18070,6615.704477611941,4988.563784933306,104.6,20136.3,3631.7283132530124,4930.011062275215,313.0879894311418,88.08211699666245,89.83942665336116,178920,157574,17328
run_4,6360.688541666666,4718.870073932993,102.5,20958.1,3474.420359281437,4700.4673457120725,287.27302413439014,87.93279640947216,92.15017064846417,179392,157684,17864,6631.300518134715,4828.814441862262,127.8,22703.7,3443.2303370786517,4742.036138776809,634.6781437840023,88.14465177417726,90.17930281241468,178816,157596,17284
run_5,6557.132075471698,5184.4375667107915,130.3,19346.7,3809.6253807106596,5165.700133873161,235.283037587885,92.05474772636984,93.65959045650949,172762,159014,10668,7373.392173913043,5516.453447778198,100.5,23162.4,4180.105213270142,5441.510434020558,570.6500216280424,89.16754866582913,92.38183503243744,177340,158096,15732
