{"step": 300000, "mean_reward": -6876.52407565, "std_reward": 9893.647688452456, "mean_length": 5000.0, "total_episodes": 60}