{"step": 1200000, "mean_reward": 1149.62741343, "std_reward": 186.36036234719268, "mean_length": 5000.0, "total_episodes": 240}