{"step": 2000000, "mean_reward": 1206.1425960799997, "std_reward": 187.51856134604492, "mean_length": 5000.0, "total_episodes": 400}