{"step": 1400000, "mean_reward": 1087.63349625, "std_reward": 194.4788653243991, "mean_length": 5000.0, "total_episodes": 280}