{"step": 1000000, "mean_reward": 15.963542120000024, "std_reward": 1824.8254913265926, "mean_length": 5000.0, "total_episodes": 200}