{"step": 1800000, "mean_reward": 1147.3696253599999, "std_reward": 207.52536702437547, "mean_length": 5000.0, "total_episodes": 360}