{"step": 200000, "mean_reward": -11377.112811925, "std_reward": 11176.52274431904, "mean_length": 5000.0, "total_episodes": 40}