{"step": 1600000, "mean_reward": 1092.08915343, "std_reward": 188.41199970512727, "mean_length": 5000.0, "total_episodes": 320}