{"step": 100000, "mean_reward": -15400.470377400003, "std_reward": 13339.149488376788, "mean_length": 5000.0, "total_episodes": 20}