{"step": 600000, "mean_reward": -2036.0000132300001, "std_reward": 3076.899835667021, "mean_length": 5000.0, "total_episodes": 120}