{"step": 900000, "mean_reward": 854.88938534, "std_reward": 204.04286392069884, "mean_length": 5000.0, "total_episodes": 180}