{"step": 500000, "mean_reward": -3916.23227546, "std_reward": 8480.768791382923, "mean_length": 5000.0, "total_episodes": 100}