{"step": 400000, "mean_reward": -6677.578744775, "std_reward": 9295.875382524844, "mean_length": 5000.0, "total_episodes": 80}