{"step": 700000, "mean_reward": 338.23388689, "std_reward": 809.4685742005539, "mean_length": 5000.0, "total_episodes": 140}