{"step": 50000, "mean_reward": -23420.6623101, "std_reward": 14914.144390832651, "mean_length": 5000.0, "total_episodes": 10}