{"step": 800000, "mean_reward": -413.11938071000003, "std_reward": 1935.7544094679722, "mean_length": 5000.0, "total_episodes": 160}