{"step": 10000, "mean_reward": -46639.86875, "std_reward": 1884.5897499999992, "mean_length": 5000.0, "total_episodes": 2}