{
  "episode_rewards": [
    421.2384142638572,
    419.4192119702794,
    448.83090685114894,
    455.34326197606396,
    470.4203506200488,
    459.43067310448686,
    452.5478900017938,
    506.35116574350025,
    496.42264170690794,
    496.02259634742234,
    495.60302175049316,
    500.31578235340055,
    507.7543767464503,
    478.75823374140845,
    447.56127132264135,
    401.3504640907821,
    354.7121287046073,
    310.65131880824924,
    269.14511592708266,
    213.354762385301,
    168.4128390630154,
    126.11301711988598,
    106.54333273114477,
    65.80735060255871,
    38.44266048831456,
    5.488977163294044,
    7.076268435895011,
    -9.232186801970466,
    -5.9218364743105765,
    -29.59801640343107,
    -52.69778786122933,
    -48.297521211780854,
    -69.84264746043516,
    -59.5547233647109,
    -86.1925574600928,
    -94.7169145010595,
    -109.56322766960399,
    -90.55936926367688,
    -100.67530520664577,
    -88.23759088743121,
    -72.95569215132315,
    -75.23573168289181,
    -84.66728865468856,
    -82.73062712840522,
    -94.62528694523287,
    -104.5157567789167,
    -104.26880593729393,
    -85.70009306657472,
    -92.75496458473879,
    -70.9054086312024,
    -65.75911220345314,
    -54.73539779036619,
    -57.277216682593156,
    -71.86341041374078,
    -78.44182332891143,
    -84.1371062416392,
    -84.16432796094716,
    -94.43831311003053,
    -79.48216344644122,
    -84.26732978748862,
    459.3559868422874,
    442.9922893462257,
    393.7139536413533,
    365.16923361357055,
    330.9533399897526,
    255.3808359802127,
    238.34938877382152,
    194.78534628945823,
    126.15134971695812,
    90.47997507025839,
    36.98402986901571,
    6.612288092361848
  ],
  "dqn_losses": [
    0.2817748866297982,
    0.2475538348609751,
    0.24600093473087659,
    0.2027263424613259,
    0.17049573158675974,
    0.1588811075145548,
    0.1376923925497315,
    0.10525137863375923,
    0.10369227691130205,
    0.07696813141757791,
    0.0651606832715598,
    0.08312081308527426,
    0.08437489785931328,
    0.08501195568930019,
    0.09026169031858444,
    0.09881107644601302,
    0.11828336322849448,
    0.1480103392492641,
    0.19598579135808078,
    0.17044200070879675,
    0.20095465129072015,
    0.23050661926919763,
    0.2167593322016976,
    0.2633589059114456,
    0.265739305452867,
    0.26855801994150336,
    0.2806729579513723,
    0.3426329723813317,
    0.3299888772043315,
    0.28829804875633935,
    0.32284245707771997,
    0.3472519164735621,
    0.2924226061864333,
    0.3277594514868476,
    0.3613361580805345,
    0.4396535957401449,
    0.34469732642173767,
    0.3798211718147451,
    0.4007560976526954,
    0.3811550600962205,
    0.4427369778806513,
    0.5484477064826272,
    0.46958688172427093,
    0.4754052324728532,
    0.454322179610079,
    0.5269708199934526,
    0.48317264968698675,
    0.4885796037587253,
    0.5393344936045733,
    0.5829085978594694,
    0.6076821291988547,
    0.6839485737410459,
    0.6229365793141451,
    0.5471367565068331,
    0.5603061616420746,
    0.6738275343721564,
    0.5828915455124595,
    0.620048230344599,
    0.6057028770446777,
    0.4923810484734448,
    0.08020840652964333,
    0.090750879523429,
    0.10874607007611882,
    0.12489138679070906,
    0.12900438091971658,
    0.12335375086827711,
    0.15723705765875903,
    0.18814912641590292,
    0.20938411761413922,
    0.20320826091549613,
    0.21294868127866226,
    0.22821273519234223
  ],
  "tft_losses": [
    0.0407194486734542,
    0.03734812377528711,
    0.029434321956201034,
    0.028250869024883617,
    0.029319284653121776,
    0.030817038802938027,
    0.0337687459858981,
    0.037831712175499306,
    0.038826970383524895,
    0.036786095493219116,
    0.034179243513128975,
    0.03509246727282351,
    0.03312320312993093,
    0.03400939448990605,
    0.03284186700528318,
    0.03249511749229648,
    0.03277325122193857,
    0.03179490413855423,
    0.03381938724355264,
    0.031439720737663185,
    0.03353370793841102,
    0.03290735235945745,
    0.03136141259561886,
    0.03253249756314538,
    0.03144158947874199,
    0.03212676603685726,
    0.03322830288247629,
    0.031824211505326355,
    0.03203058649193157,
    0.03247619115493514,
    0.0320746683600274,
    0.030913596295497635,
    0.031756612387570465,
    0.0329555274749344,
    0.03275724974545566,
    0.03182069059800018,
    0.0325002060695128,
    0.03370180218057199,
    0.03337853334166787,
    0.032514965161681175,
    0.03232892501083287,
    0.033443278040398254,
    0.03475168398158117,
    0.03373261558061296,
    0.03260304829613729,
    0.03278120793402195,
    0.033066515387459236,
    0.03305680152367462,
    0.033552335067228836,
    0.03289341926574707,
    0.03301450423896313,
    0.03352550535716794,
    0.03362478908490051,
    0.03548995591700077,
    0.03428207574920221,
    0.034225992519747124,
    0.034041801298206505,
    0.03464241698384285,
    0.0341244808990847,
    0.0338926376266913,
    0.03411605801771988,
    0.034095459025014534,
    0.03279277970167724,
    0.031961174343119965,
    0.03318346782841466,
    0.03318417817354202,
    0.03185558810152791,
    0.03197350234470584,
    0.033471711657264015,
    0.03202372907914899,
    0.03249700790779157,
    0.031869903545488014
  ],
  "epsilon_history": [
    1.0,
    0.9875,
    0.975,
    0.9625,
    0.95,
    0.9375,
    0.925,
    0.9125,
    0.9,
    0.8875,
    0.875,
    0.8625,
    0.85,
    0.8375,
    0.825,
    0.8125,
    0.8,
    0.7875,
    0.775,
    0.7625,
    0.75,
    0.7375,
    0.725,
    0.7125,
    0.7,
    0.6875,
    0.675,
    0.6625,
    0.6499999999999999,
    0.6375,
    0.625,
    0.6125,
    0.6000000000000001,
    0.5875,
    0.575,
    0.5625,
    0.55,
    0.5375000000000001,
    0.5249999999999999,
    0.5125,
    0.5,
    0.48750000000000004,
    0.475,
    0.4625,
    0.44999999999999996,
    0.4375,
    0.42500000000000004,
    0.4125,
    0.4,
    0.38749999999999996,
    0.375,
    0.36249999999999993,
    0.35,
    0.3374999999999999,
    0.32499999999999996,
    0.3125,
    0.29999999999999993,
    0.2875,
    0.2749999999999999,
    0.26249999999999996,
    0.25,
    0.23750000000000004,
    0.22499999999999998,
    0.21250000000000002,
    0.20000000000000007,
    0.1875,
    0.17500000000000004,
    0.16249999999999998,
    0.15000000000000002,
    0.13749999999999996,
    0.125,
    0.11249999999999993
  ],
  "num_episodes": 72,