{
  "PPO": {
    "mean": -241.42445178235798,
    "std": 51.913253971773806,
    "ci_95": [
      -251.77706073974434,
      -231.0718428249716
    ],
    "action_dist": [
      0.0,
      0.0,
      1.0
    ],
    "load_balance": 0.41467128162475986
  },
  "WRR": {
    "mean": -262.86701255156976,
    "std": 33.414269737869716,
    "ci_95": [
      -269.5305298949611,
      -256.2034952081784
    ],
    "load_balance": 0.2252004905035624
  },
  "statistical": {
    "t_statistic": 3.4557818651792673,
    "p_value": 0.0006713168617600153,
    "cohens_d": 0.49118344614996495,
    "significant": "True"
  }
}