{
  "config": {
    "n_runs": 3,
    "scenario": "golden_hour",
    "checkpoint": "/home/miho/Downloads/nckh/nckh_sdn/ai_model/checkpoints/tft_ac_best.pth",
    "timestamp": "2026-03-23T17:02:26.031526"
  },
  "statistics": [
    {
      "metric": "Real Throughput",
      "ai_mean": 0.23647746146395465,
      "ai_std": 0.0030515067328016525,
      "wrr_mean": 0.1848502263698639,
      "wrr_std": 0.0035170397125021064,
      "improvement_pct": 27.929224706920643,
      "p_value": 0.0014908185364086426,
      "t_statistic": 25.870307719963062,
      "significant_005": 